ID,Square_Feet,Num_Bedrooms,Num_Bathrooms,Num_Floors,Year_Built,Has_Garden,Has_Pool,Garage_Size,Location_Score,Distance_to_Center,Price
1,143.63502971184062,1.0,3.0,3.0,1967.0,1.0,1.0,48.0,8.297631202876449,5.935733640397012,6021
2,287.67857660247904,1.0,2.0,1.0,1949.0,0.0,1.0,37.0,6.061465649334798,10.827392203145374,5914
3,232.99848545285127,1.0,3.0,2.0,1923.0,1.0,0.0,14.0,2.9114424778517902,6.904599073399449,4645
4,199.66462104925915,5.0,2.0,2.0,1918.0,0.0,0.0,17.0,2.0709491817657124,8.284018511436607,5831
5,89.00466011060914,4.0,3.0,3.0,1999.0,1.0,0.0,34.0,1.523277856626788,14.648277296253372,6199
6,88.99863008405066,5.0,3.0,2.0,1959.0,1.0,1.0,36.0,8.994552125461016,17.633249646654253,6704
7,64.52090304204987,4.0,3.0,1.0,1938.0,0.0,1.0,32.0,7.101354317980658,2.4299078217553083,5238
8,266.54403644373383,5.0,1.0,3.0,1973.0,1.0,1.0,39.0,9.373784381643208,12.69278512974761,8754
9,200.2787529358022,5.0,1.0,1.0,1988.0,1.0,1.0,32.0,6.032918057149431,11.64287615155597,7383
10,227.01814444901137,3.0,2.0,1.0,1917.0,0.0,0.0,29.0,4.734008814949125,2.3683007835186376,4906
11,55.14612357395061,5.0,2.0,2.0,1918.0,1.0,0.0,27.0,0.5971648897088933,4.237886608802182,4889
12,292.4774630404986,2.0,1.0,3.0,1935.0,1.0,1.0,27.0,6.716422815460298,6.220049894653606,6776
13,258.11066020010543,3.0,2.0,3.0,1973.0,1.0,0.0,11.0,5.822087597682311,3.3386214163500294,6851
14,103.08477766956904,5.0,1.0,2.0,1996.0,0.0,1.0,13.0,9.902088935876217,4.874589650486836,6587
15,95.45624180177516,1.0,3.0,1.0,1954.0,0.0,1.0,39.0,2.3915877778224304,5.35201597723415,4137
16,95.85112746335844,2.0,2.0,1.0,2013.0,1.0,0.0,42.0,5.307373552868358,6.713476660781192,5235
17,126.06056073988444,2.0,2.0,1.0,1968.0,0.0,1.0,45.0,6.509573351180727,14.98780905602318,5278
18,181.18910790805947,2.0,1.0,1.0,1946.0,1.0,1.0,27.0,6.445911747423436,11.438244077012014,5143
19,157.98625466052894,3.0,2.0,3.0,1948.0,1.0,0.0,46.0,5.612935429484027,19.724933439028028,5814
20,122.80728504951048,5.0,2.0,3.0,1998.0,1.0,1.0,28.0,7.769280103272255,8.29471653934942,7507
21,202.9632236805949,5.0,3.0,2.0,2007.0,1.0,1.0,37.0,2.049812095268164,15.0773014767385,8329
22,84.87346516301045,1.0,2.0,2.0,1997.0,1.0,0.0,49.0,7.256272002744159,17.429368427530676,4799
23,123.03616213380454,1.0,3.0,3.0,1932.0,0.0,1.0,29.0,6.197345714330892,13.579569860760838,4378
24,141.59046082342292,2.0,1.0,3.0,2018.0,1.0,0.0,42.0,8.960751117945733,8.237294808349919,6292
25,164.01749605425897,1.0,2.0,1.0,1920.0,0.0,1.0,21.0,8.471944390335818,15.07189261491506,3947
26,246.2939903482534,3.0,3.0,1.0,1980.0,0.0,0.0,24.0,3.1514703913255326,4.073342755453697,6515
27,99.91844553958992,5.0,1.0,2.0,1921.0,1.0,0.0,48.0,2.7623732497515308,6.551043303602649,5635
28,178.5586096034029,2.0,2.0,3.0,1947.0,1.0,0.0,11.0,9.816533238524478,10.933705101985776,5286
29,198.1036422155106,1.0,1.0,2.0,1936.0,0.0,1.0,38.0,5.272651809152565,11.508187745722967,4664
30,61.61260317999943,3.0,2.0,3.0,1914.0,0.0,0.0,19.0,9.064209639144368,0.4428295094525891,4284
31,201.8862129753596,3.0,1.0,1.0,1934.0,0.0,0.0,11.0,1.638810237804822,18.90228377512017,4388
32,92.63103092182288,1.0,1.0,2.0,1991.0,1.0,0.0,20.0,6.428189148001743,13.9325454243478,4085
33,66.26289824631988,5.0,3.0,2.0,1970.0,0.0,0.0,22.0,8.098601873605862,9.91407500463782,5928
34,287.2213843133333,1.0,1.0,3.0,1931.0,1.0,0.0,19.0,9.473952495864468,18.662544688166168,5067
35,291.40800826863983,2.0,2.0,1.0,1910.0,1.0,1.0,23.0,3.373401410170235,8.78191130501657,5957
36,252.09933702911528,1.0,2.0,2.0,1909.0,1.0,1.0,27.0,7.249811699240524,19.608711405407437,5050
37,126.15344229334268,3.0,3.0,1.0,1972.0,0.0,1.0,18.0,5.38813009039619,10.245695144869702,5841
38,74.41802850159597,1.0,2.0,2.0,1977.0,1.0,1.0,48.0,0.6062892606646819,2.285715399959589,4938
39,221.05825662803923,5.0,2.0,1.0,1976.0,1.0,1.0,37.0,6.899997373089434,15.296019449185543,7499
40,160.03812343490034,4.0,2.0,3.0,1956.0,1.0,1.0,12.0,6.900965582378435,13.57795450155681,6909
41,80.5095587111947,1.0,1.0,2.0,1924.0,1.0,1.0,29.0,9.30606804846537,15.459734426111735,3529
42,173.79422752781755,5.0,1.0,2.0,1901.0,1.0,0.0,15.0,4.973124461689724,19.028840574513623,5245
43,58.5971302788046,5.0,2.0,1.0,1963.0,0.0,1.0,36.0,2.302509207105147,15.529786053020365,5313
44,277.3301005196955,3.0,3.0,1.0,1934.0,1.0,0.0,11.0,0.4456382344867915,12.226732044332936,6109
45,114.69499540000425,5.0,1.0,2.0,1906.0,1.0,0.0,38.0,4.156421866859057,17.146178047216818,4995
46,215.6305710884955,5.0,3.0,3.0,1984.0,0.0,1.0,47.0,3.019167000775018,13.464928787090631,8483
47,127.92776902235272,5.0,2.0,1.0,1917.0,1.0,0.0,12.0,7.610883060238756,8.162381136518462,5323
48,180.0170052944527,5.0,2.0,1.0,1966.0,0.0,0.0,25.0,3.542677648410466,17.712395284835466,6495
49,186.67756983581992,2.0,1.0,1.0,1941.0,1.0,0.0,39.0,9.490711963148438,4.438009215687457,5190
50,96.21361388138176,2.0,2.0,2.0,2017.0,0.0,0.0,49.0,9.623102029877842,14.292825498174484,5421
51,292.3961569411397,3.0,1.0,2.0,1938.0,0.0,1.0,11.0,6.209085902177081,17.63126909881514,6226
52,243.78320584027864,1.0,2.0,2.0,1940.0,1.0,1.0,26.0,9.28660287014883,14.626330394065924,5708
53,284.87473539104724,5.0,2.0,2.0,2012.0,1.0,1.0,21.0,7.6085434451449565,13.945508381077138,9092
54,273.70683760691225,1.0,1.0,3.0,1974.0,1.0,1.0,44.0,5.468596409751262,15.05276588143672,6493
55,199.47499470277128,1.0,1.0,3.0,2002.0,0.0,1.0,10.0,1.8030793542277808,9.301104966012888,5387
56,280.4685587557792,3.0,1.0,2.0,1923.0,0.0,,24.0,4.5859794351384,17.48341364314052,5841
57,72.12312551297987,5.0,2.0,3.0,1959.0,0.0,1.0,35.0,5.608744633626176,,6390
58,98.9957156047863,5.0,2.0,1.0,1945.0,1.0,1.0,46.0,8.639615807350102,2.5477283200067857,6439
59,61.30682222763451,4.0,3.0,1.0,1918.0,0.0,1.0,30.0,4.813333765356649,5.710175602370232,4974
60,131.33258269081608,1.0,1.0,1.0,1967.0,0.0,1.0,40.0,,10.631547935499864,4410
61,147.1693224223705,1.0,2.0,2.0,1989.0,1.0,0.0,34.0,6.743489790234689,10.211235908186762,5219
62,117.83725794347396,2.0,2.0,1.0,2001.0,0.0,1.0,32.0,1.3699906305367138,16.41197515353173,5251
63,257.1843772879824,4.0,1.0,3.0,1941.0,0.0,0.0,33.0,9.94981369325093,8.091373128080349,6950
64,139.18833167339733,2.0,3.0,2.0,1931.0,1.0,0.0,47.0,5.272326607539126,9.686888525830174,5060
65,120.23362742184518,2.0,1.0,3.0,1938.0,0.0,0.0,37.0,3.9185829640907888,0.2673536651879127,4320
66,185.6740207895621,2.0,3.0,1.0,2008.0,1.0,0.0,30.0,6.591137644695265,8.194784728858782,6278
67,85.23105624369066,3.0,2.0,1.0,2009.0,1.0,1.0,27.0,1.0889331398103907,12.955484659006842,5788
68,250.54924518850996,3.0,3.0,1.0,1935.0,1.0,0.0,45.0,6.365386467533543,0.3101666125318436,6851
69,68.6376609199427,2.0,2.0,2.0,2003.0,1.0,1.0,44.0,4.98236000499273,5.617639303724875,5295
70,296.7217341501293,4.0,1.0,3.0,2000.0,1.0,1.0,18.0,4.066740699985831,4.159127185787799,8543
71,243.06119232416435,1.0,1.0,2.0,1996.0,0.0,0.0,47.0,9.530200211788992,0.8397085781917646,6274
72,99.6789203835431,4.0,1.0,2.0,1935.0,0.0,1.0,39.0,5.225397167320533,9.58520179829075,5110
73,51.3805292809006,5.0,3.0,1.0,1902.0,1.0,0.0,43.0,2.1911747946993843,3.63446586456313,4796
74,253.8653571137085,3.0,2.0,2.0,1972.0,1.0,0.0,41.0,4.589634793772986,14.861630792627604,6677
75,226.71433596190428,1.0,1.0,2.0,1907.0,0.0,1.0,12.0,9.193874045726728,16.95855767526697,4012
76,232.2517920102468,1.0,1.0,1.0,1996.0,1.0,1.0,12.0,1.7609547133059469,10.911703653382956,5578
77,242.8175866714864,5.0,2.0,2.0,2022.0,1.0,0.0,37.0,2.139570386882369,19.63414685042283,8148
78,68.5111629335226,5.0,1.0,1.0,1969.0,1.0,1.0,24.0,0.1302956775708375,9.009571429411906,5626
79,139.61643213606817,2.0,2.0,1.0,1940.0,0.0,1.0,32.0,0.1419004939576718,10.26736420449831,4501
80,78.96726488128243,3.0,2.0,1.0,2002.0,0.0,1.0,49.0,8.293916269585125,19.784355079155,5469
81,265.7758564688984,3.0,2.0,1.0,1967.0,1.0,0.0,20.0,7.321226068429558,4.630968719300976,6791
82,205.82453170688947,4.0,2.0,2.0,1912.0,1.0,0.0,41.0,3.5504105645195825,18.850918793538103,5837
83,132.7245062131623,2.0,2.0,1.0,1948.0,0.0,1.0,45.0,6.983111572275727,0.8567511023822649,5032
84,65.88958757150591,2.0,3.0,1.0,1959.0,0.0,1.0,42.0,3.9520592630997022,8.927737805263895,4667
85,127.74558042891556,2.0,,2.0,1901.0,1.0,1.0,33.0,9.528967959978274,1.4000702426613154,4587
86,131.29583050668674,2.0,3.0,2.0,1959.0,1.0,1.0,48.0,9.670526814260349,14.58469485827286,5844
87,232.401544584516,3.0,1.0,3.0,1904.0,0.0,1.0,43.0,3.927937758093434,12.168178717600355,5724
88,209.38936783880328,3.0,3.0,2.0,1943.0,0.0,0.0,37.0,8.54221906340868,14.132685269351928,5995
89,271.8031856440816,2.0,2.0,2.0,1926.0,0.0,1.0,46.0,7.730890416974661,7.48960799936034,6444
90,168.05373129048732,4.0,1.0,3.0,1931.0,1.0,0.0,16.0,3.0999993717178933,7.389638680627605,5465
91,79.89856148457542,1.0,1.0,2.0,1920.0,0.0,1.0,13.0,2.3203982890110595,0.906385579217892,2769
92,228.31119680574875,1.0,3.0,2.0,1907.0,1.0,0.0,46.0,4.582346503928338,6.998898790592795,5091
93,240.1962621542244,4.0,3.0,2.0,2001.0,0.0,1.0,10.0,7.813488406144062,18.58576804524119,7882
94,190.3192993923741,2.0,1.0,2.0,1971.0,0.0,0.0,10.0,9.601677847287457,7.58453074360898,4880
95,242.74179498864024,3.0,3.0,3.0,1949.0,0.0,1.0,29.0,7.635790688665725,16.6273541244394,7152
96,173.4488990910977,1.0,3.0,2.0,1966.0,0.0,0.0,28.0,8.5520698501837,16.84651009499868,5035
97,180.6832073454985,5.0,3.0,2.0,2017.0,1.0,0.0,38.0,6.030643061705165,7.464823127584676,8020
98,156.8852545896374,5.0,2.0,3.0,1943.0,1.0,0.0,19.0,8.35407830842126,12.63977360792378,6437
99,56.3547816860238,4.0,2.0,1.0,1957.0,0.0,0.0,27.0,7.844208580034176,1.9074320454611728,4814
100,76.97285674832611,2.0,3.0,3.0,1902.0,1.0,0.0,37.0,3.769855419262801,2.07357161468553,3965
101,57.85729642168357,1.0,3.0,1.0,1985.0,0.0,0.0,44.0,5.519903021207211,0.9731532732342664,4278
102,209.1026028159451,2.0,2.0,3.0,1969.0,0.0,1.0,40.0,8.047531219896948,11.620301867502189,6426
103,128.58899526908166,1.0,2.0,3.0,,0.0,0.0,36.0,0.4605673418995637,8.521419552521941,2995
104,177.1426727911757,,1.0,2.0,1986.0,0.0,1.0,20.0,8.0807928235583,10.960647133284802,6482
105,276.89161848152327,4.0,1.0,1.0,1943.0,1.0,1.0,47.0,1.7788812404902343,10.421463810167758,7302
106,112.32305728721876,5.0,2.0,2.0,1901.0,0.0,1.0,14.0,5.14683617121439,7.0040598218146055,5703
107,152.59573075890745,2.0,3.0,1.0,2001.0,0.0,1.0,17.0,8.082754395559377,13.549468296469458,6052
108,238.88778463576216,5.0,3.0,3.0,1980.0,1.0,1.0,43.0,2.5382107815669483,15.170037618327814,8600
109,107.1995413729056,2.0,3.0,3.0,1934.0,0.0,0.0,21.0,2.45807439306153,0.2925651775535143,4321
110,69.24497745719825,5.0,3.0,1.0,1997.0,0.0,0.0,47.0,4.027643984622519,4.144845995377566,6446
111,122.437863228442,3.0,1.0,2.0,1986.0,0.0,0.0,10.0,8.946427975776345,14.264717361666737,4992
112,90.30532181350112,3.0,2.0,2.0,1929.0,1.0,1.0,40.0,0.0044278143720788,7.732403452676683,4562
113,282.42441308564327,3.0,3.0,2.0,2015.0,0.0,0.0,13.0,9.013830966419349,13.249678938832163,7871
114,252.03009489110423,3.0,1.0,2.0,1907.0,1.0,0.0,14.0,1.5380702464160778,6.939253194691169,5473
115,208.35093912760587,1.0,3.0,3.0,1921.0,0.0,0.0,39.0,9.90086376067482,7.815103046592742,5275
116,267.8651475469294,3.0,2.0,3.0,1943.0,0.0,0.0,33.0,9.54846993038468,3.1735774737936984,6549
117,250.91801922477865,4.0,1.0,3.0,1957.0,1.0,0.0,12.0,4.946751895912833,5.164620393323201,6701
118,96.64251472150896,4.0,2.0,3.0,1935.0,0.0,1.0,20.0,5.127202478126281,12.108235150151746,5034
119,273.13974962249443,1.0,2.0,3.0,1968.0,0.0,0.0,13.0,4.815493402758543,8.663262226303328,5968
120,184.83556047891267,3.0,1.0,2.0,1976.0,1.0,1.0,35.0,6.354436456595226,15.486053658891905,6275
121,251.86003879101565,3.0,1.0,2.0,1992.0,1.0,1.0,36.0,0.9072170223493105,17.051699098766854,7430
122,274.02282498087334,3.0,1.0,2.0,1930.0,1.0,1.0,36.0,0.326179483415665,10.832928364335196,6741
123,129.50086874296596,5.0,1.0,2.0,1946.0,1.0,1.0,15.0,0.5770292841589886,15.165345841121184,5680
124,77.51298113191919,2.0,1.0,3.0,2020.0,1.0,1.0,24.0,4.443653492415144,6.1380902638914,5473
125,106.98379063548542,5.0,1.0,3.0,1954.0,0.0,0.0,39.0,2.755479392194834,8.299424308001564,5735
126,156.77694715656406,2.0,1.0,3.0,1979.0,1.0,0.0,46.0,6.220395623709938,14.25555352433662,5088
127,254.50369148062327,3.0,3.0,1.0,2005.0,0.0,0.0,46.0,9.92442289374779,7.724239856340613,7434
128,265.18264581408584,3.0,2.0,2.0,1961.0,0.0,1.0,46.0,3.8632317307646593,11.770098703179777,6877
129,51.73803263279768,5.0,1.0,2.0,1929.0,0.0,0.0,44.0,5.738412541045133,3.7074555816502297,5175
130,177.68682564439143,5.0,3.0,3.0,2020.0,1.0,0.0,32.0,4.156038959073355,11.99542629940996,8197
131,154.35275078719474,2.0,3.0,2.0,1954.0,1.0,1.0,15.0,8.472716677218594,17.230274144537873,5626
132,105.52695261768255,4.0,3.0,2.0,1915.0,0.0,1.0,13.0,9.02236403462238,17.372792796468513,5188
133,79.9663418334207,2.0,2.0,3.0,1911.0,1.0,1.0,27.0,8.7735561220526,14.486888126590792,4562
134,134.403792850907,5.0,1.0,1.0,1916.0,1.0,1.0,18.0,9.743722386792577,14.91506758152252,5654
135,285.72742597812976,5.0,3.0,1.0,1915.0,1.0,0.0,38.0,0.2751918514041529,11.158548903014012,7143
136,130.80073300518882,1.0,2.0,1.0,1911.0,1.0,1.0,22.0,8.39816162145531,11.693361803316495,3851
137,179.6976554358415,5.0,2.0,3.0,1907.0,0.0,1.0,26.0,7.517721730390932,2.67301162821036,6381
138,225.75473972379447,1.0,2.0,2.0,1983.0,0.0,0.0,41.0,2.286944094003648,8.877183768426022,5150
139,140.9074005948235,4.0,3.0,3.0,1902.0,1.0,0.0,31.0,9.563200933875276,9.015525677727275,5747
140,292.9455206802402,2.0,1.0,3.0,1915.0,0.0,1.0,13.0,1.4817792822994549,19.169956713354804,5322
141,290.6118237355278,2.0,3.0,2.0,1929.0,1.0,0.0,14.0,6.795499271339084,8.621737252465788,6205
142,112.94557395634104,1.0,3.0,1.0,2008.0,1.0,1.0,46.0,2.248902168159125,10.986852898055153,5484
143,174.31212647309636,2.0,1.0,1.0,1922.0,0.0,1.0,22.0,4.313806487740747,10.66502798558205,4198
144,125.21957745419242,5.0,1.0,3.0,1991.0,0.0,0.0,43.0,7.191598969445689,12.735234340886542,6822
145,121.2101235943669,3.0,1.0,1.0,2014.0,0.0,0.0,31.0,5.633246420330467,14.964656626637918,5404
146,59.2217368386332,1.0,2.0,3.0,2003.0,1.0,1.0,32.0,4.275018313281117,4.5008375234174425,5054
147,202.39108349497425,2.0,1.0,3.0,2017.0,0.0,1.0,12.0,3.263384309319872,10.574488381968711,6301
148,175.66975580721538,1.0,3.0,2.0,1904.0,1.0,1.0,43.0,8.396596557087904,16.518354146320608,4862
149,62.86968781249734,1.0,1.0,2.0,1983.0,0.0,0.0,41.0,1.438143503148137,9.262294276750229,2802
150,119.66161605915286,3.0,3.0,2.0,2003.0,0.0,1.0,30.0,4.301028765298001,5.56915092747146,6449
151,277.06647149166344,5.0,2.0,3.0,2019.0,1.0,1.0,30.0,9.03757571775142,13.09418150712598,9607
152,109.89047266674312,1.0,3.0,2.0,2007.0,1.0,1.0,20.0,8.458495504599677,16.47534791598246,5275
153,86.22371802280577,2.0,3.0,1.0,1964.0,1.0,1.0,48.0,4.009417624730467,1.2628058585478263,5477
154,172.36319006939075,4.0,1.0,1.0,2020.0,1.0,1.0,13.0,7.631083636013082,15.535809668144545,6968
155,296.41261352765014,1.0,1.0,3.0,1929.0,1.0,0.0,10.0,8.231608307088592,16.432958659235425,5350
156,110.51381787787513,1.0,3.0,3.0,1920.0,1.0,1.0,37.0,8.888874240036298,9.230458551772136,4785
157,218.03388685146965,3.0,1.0,2.0,1983.0,1.0,1.0,33.0,5.44505769049228,19.666113136369347,6884
158,240.4049038321794,5.0,2.0,3.0,1969.0,1.0,1.0,44.0,2.044608860547118,15.734166814146182,8212
159,109.4093859980999,4.0,2.0,3.0,1921.0,0.0,1.0,22.0,2.5530907650393164,15.473251297913317,5348
160,232.05408715296488,2.0,1.0,1.0,1981.0,1.0,0.0,43.0,2.956946740416042,14.956771488241436,5831
161,141.9457831798133,4.0,2.0,1.0,1971.0,1.0,0.0,20.0,5.938024808096155,3.01216206436548,5797
162,208.0764576483949,2.0,1.0,2.0,2002.0,0.0,0.0,45.0,0.3280962412860844,4.344617729060216,5542
163,208.3824276902237,5.0,3.0,3.0,1931.0,1.0,1.0,26.0,6.360424687799683,9.2798026292885,7832
164,183.94367101868963,2.0,3.0,3.0,1932.0,0.0,1.0,44.0,3.64354238428232,5.280086999189317,5763
165,72.57244251360208,3.0,2.0,1.0,2016.0,0.0,0.0,27.0,2.9524180248964216,8.30481944668081,4970
166,258.82562389730947,3.0,1.0,3.0,1915.0,1.0,0.0,,8.794965707281264,17.769282198458413,6345
167,130.19501624293397,3.0,1.0,1.0,1975.0,0.0,0.0,31.0,4.600023955807989,16.486537837585384,4575
168,96.62962759996356,3.0,2.0,2.0,1937.0,1.0,1.0,33.0,0.9505304553269278,12.600797569599644,4753
169,60.19378538869098,4.0,3.0,1.0,2015.0,0.0,1.0,28.0,8.26746768026247,17.16240788502207,6110
170,197.72323579706045,5.0,2.0,3.0,1997.0,0.0,0.0,46.0,0.476412574365066,15.675447780344983,7739
171,219.3910904605706,2.0,3.0,2.0,1913.0,0.0,0.0,48.0,7.267492241681967,8.57969863681781,5325
172,54.14695723196404,2.0,1.0,1.0,1935.0,1.0,0.0,30.0,7.7390622177066515,4.021303040998903,3200
173,178.02326457482025,3.0,3.0,1.0,1996.0,1.0,1.0,17.0,3.526026059288582,10.284020800186784,6407
174,106.6239437994845,3.0,2.0,2.0,1922.0,0.0,1.0,37.0,8.247878562777867,14.724577650571003,4759
175,211.29319760236243,1.0,1.0,2.0,2013.0,0.0,1.0,,5.156594058564535,8.72839197459186,5692
176,93.59160725124786,5.0,2.0,1.0,2008.0,1.0,0.0,26.0,4.632936532727968,13.335438195677945,6571
177,222.73443452561648,4.0,2.0,,1965.0,1.0,0.0,46.0,0.4540328146869254,1.8865485258208723,7318
178,146.68383657513436,2.0,3.0,1.0,2004.0,0.0,1.0,45.0,2.900291936489059,14.960094727428068,5921
179,284.1824971841836,1.0,2.0,2.0,1984.0,0.0,0.0,28.0,9.310099708853,16.25427239786124,5931
180,84.3802360364983,1.0,3.0,1.0,1901.0,1.0,1.0,36.0,3.918239632835,14.136757115610823,3600
181,135.26658776256463,2.0,1.0,2.0,1990.0,1.0,0.0,43.0,5.467005205567683,19.34527175052731,4669
182,78.36838031014727,4.0,3.0,2.0,2020.0,,0.0,20.0,5.320216789842518,16.533041149212806,6715
183,281.1734045696407,1.0,1.0,3.0,1972.0,1.0,0.0,21.0,5.904310898226933,18.061874557530764,5867
184,269.33483834524526,1.0,3.0,2.0,1964.0,1.0,0.0,30.0,0.6133095564328261,18.671421669152963,5884
185,114.4854069287889,5.0,2.0,2.0,1974.0,0.0,1.0,20.0,3.6217625479872826,16.02695983747617,6101
186,214.9960115085448,4.0,3.0,3.0,1966.0,1.0,0.0,48.0,7.231282738825541,13.485176840129984,7768
187,254.305550050304,1.0,3.0,2.0,1951.0,0.0,1.0,37.0,2.005602510729829,0.1143716272157857,5984
188,188.8002028998656,4.0,1.0,3.0,1961.0,1.0,1.0,14.0,2.0357837754636043,9.316515064462491,6368
189,182.4126445890016,2.0,2.0,3.0,1922.0,0.0,1.0,26.0,0.1009060668902472,11.42324597244722,4883
190,110.46307272511292,3.0,3.0,2.0,1925.0,1.0,0.0,29.0,4.374819266082097,6.080605448959993,4954
191,73.2756919514748,1.0,2.0,2.0,1967.0,1.0,1.0,21.0,8.82734380673422,6.362088938069441,4346
192,274.3039394883317,5.0,3.0,1.0,1981.0,0.0,1.0,15.0,0.5190094358730901,19.223188314203306,7671
193,275.10451429083264,2.0,3.0,3.0,1954.0,0.0,1.0,26.0,1.9111870949600265,17.834217304054917,6365
194,208.27536431831695,4.0,2.0,1.0,1905.0,1.0,0.0,28.0,3.1008453834275507,16.983580110034083,5160
195,134.75744776217516,2.0,3.0,2.0,1934.0,1.0,0.0,35.0,7.317247365642129,8.120236034122213,4933
196,137.3023936531652,1.0,2.0,1.0,1921.0,1.0,1.0,41.0,6.4063559280258655,0.2739710081782909,4235
197,231.48891971755984,4.0,3.0,3.0,1942.0,1.0,0.0,15.0,4.159439045818551,1.6044449291142815,6932
198,274.27756498814426,3.0,1.0,1.0,1914.0,1.0,1.0,45.0,7.590689392583757,6.243927364352073,6666
199,271.77160606627933,2.0,2.0,3.0,1985.0,0.0,1.0,47.0,6.096310116569019,0.3148582599135396,7626
200,244.96888646440595,1.0,3.0,2.0,1959.0,0.0,0.0,20.0,8.96040799657219,0.3429956383039623,5566
201,210.50791153857196,5.0,3.0,2.0,2000.0,1.0,1.0,42.0,8.18026749138693,18.33206603284822,8859
202,71.03499124876221,4.0,1.0,3.0,2015.0,0.0,0.0,33.0,2.5281360608920056,14.123170042381082,5116
203,90.40717852365344,2.0,2.0,2.0,2005.0,0.0,0.0,32.0,2.7143857763420023,6.179119801363053,5297
204,274.63854713176977,2.0,3.0,2.0,1911.0,0.0,1.0,24.0,1.2535647579238562,2.6528915520190632,6221
205,201.60726491489748,3.0,1.0,2.0,2010.0,1.0,0.0,36.0,3.369647257174565,10.232714357901544,6378
206,52.29926290415741,3.0,3.0,2.0,1948.0,0.0,0.0,20.0,9.995439187190945,0.1069232170872891,4817
207,75.36788571650803,5.0,2.0,3.0,1941.0,1.0,1.0,26.0,4.05751168615061,18.76827487716288,5676
208,,5.0,3.0,1.0,1937.0,0.0,1.0,23.0,2.204884346891064,8.296302387778944,7000
209,51.265395961554674,,3.0,1.0,1981.0,1.0,0.0,36.0,7.62482884475553,8.046699104746654,4171
210,90.20201285437466,1.0,3.0,2.0,1944.0,0.0,0.0,27.0,5.42471003462656,7.811872151635644,3580
211,187.1834473416465,5.0,3.0,1.0,1934.0,1.0,1.0,37.0,1.4960144952695251,1.3865666077552952,7105
212,222.9737994231733,5.0,1.0,1.0,1929.0,1.0,0.0,13.0,3.8068968116086577,12.76644479583653,5916
213,212.9903148756501,4.0,1.0,2.0,1987.0,0.0,0.0,16.0,4.144697155393433,14.660072392567066,5983
214,106.06732736513996,3.0,2.0,2.0,2005.0,1.0,0.0,44.0,7.538297005692186,13.522507951765803,5811
215,228.044805336884,1.0,1.0,1.0,1929.0,1.0,0.0,18.0,0.2067136889190446,2.768709866587886,3862
216,109.3122718742,3.0,1.0,3.0,1977.0,1.0,0.0,17.0,2.690196467983105,11.576803360711851,5193
217,131.34992453981693,3.0,2.0,2.0,1905.0,1.0,0.0,26.0,5.17596301315522,11.389689683445075,4293
218,236.622851279506,5.0,1.0,3.0,1966.0,1.0,0.0,26.0,2.688467424528433,17.368215758827642,6859
219,212.40822476180367,4.0,1.0,1.0,1979.0,1.0,1.0,42.0,6.284340474189989,7.582553167512939,7360
220,262.3058526235445,,2.0,2.0,1906.0,1.0,1.0,41.0,4.818674792746166,7.429718873188684,6089
221,214.40322307508583,4.0,2.0,3.0,1951.0,1.0,1.0,17.0,3.617102548595806,12.370541174363712,7173
222,192.0771508338679,4.0,2.0,2.0,1913.0,0.0,1.0,28.0,9.492086268705124,12.66145306999026,6300
223,73.41869195702311,3.0,3.0,1.0,1972.0,0.0,1.0,47.0,6.321594991864574,9.385704546515807,5900
224,141.92895076485837,4.0,3.0,3.0,1914.0,1.0,0.0,12.0,1.2994137226794122,8.861187246608422,5406
225,116.30059192043136,1.0,2.0,1.0,1920.0,1.0,0.0,14.0,5.600916974433955,9.882953412757654,2994
226,110.9974108447709,3.0,2.0,1.0,1934.0,0.0,0.0,22.0,7.80731853200901,17.22090599006624,4240
227,293.2526386881114,1.0,2.0,2.0,1965.0,0.0,0.0,40.0,7.0848969749279735,9.2233380250782,5844
228,148.2744311666901,2.0,3.0,3.0,1990.0,0.0,1.0,25.0,1.7208922929525938,18.79863583939645,5601
229,273.0116387942783,3.0,3.0,1.0,1901.0,1.0,0.0,41.0,9.724199990401033,10.08007527192652,6360
230,,2.0,1.0,1.0,1934.0,0.0,0.0,31.0,4.48813645746606,18.98401386361783,4416
231,248.7028258854121,3.0,1.0,3.0,1981.0,1.0,1.0,38.0,1.590250037402613,16.656638037381516,6861
232,175.65927327629802,5.0,2.0,,1977.0,1.0,0.0,31.0,1.8019575412814792,7.248626452316582,7022
233,194.22597115658976,4.0,3.0,1.0,1919.0,0.0,0.0,12.0,0.982349921890805,17.27282842593232,4953
234,173.12942345471598,5.0,3.0,3.0,1981.0,1.0,1.0,19.0,8.035181084349343,2.2012656840223044,8245
235,98.81074694951111,2.0,3.0,3.0,1909.0,1.0,0.0,30.0,1.2203049432184865,18.50094350686029,3991
236,230.61302881537637,4.0,2.0,3.0,1924.0,1.0,0.0,25.0,1.2512525714174694,12.632870301657832,6148
237,120.19309061021394,3.0,1.0,3.0,1965.0,1.0,0.0,,8.504716147608377,1.0878149704462237,5135
238,56.07899160786346,4.0,2.0,2.0,1924.0,0.0,0.0,11.0,3.446040844475596,12.885134473016231,4131
239,211.36807397679195,1.0,1.0,3.0,1953.0,0.0,0.0,33.0,0.3085790430807245,19.48495308289512,4140
240,94.27766985176224,4.0,1.0,2.0,1932.0,1.0,1.0,44.0,0.5189529951841088,1.3960130922925784,5510
241,285.1146460882286,1.0,2.0,2.0,1935.0,1.0,1.0,39.0,1.4217044670389556,11.093754195601726,5663
242,288.48214425064685,4.0,1.0,2.0,1994.0,0.0,1.0,39.0,2.1339334797568954,14.955886995187448,7474
243,278.7160975551121,1.0,1.0,1.0,1913.0,1.0,1.0,44.0,6.651461942384054,16.205171733990625,5403
244,142.5396750638611,2.0,3.0,2.0,1964.0,0.0,1.0,28.0,1.5732628000182824,8.276549306415916,5447
245,53.86415413221685,,1.0,2.0,2009.0,1.0,1.0,17.0,1.18874391177072,4.0833311833648605,6234
246,282.0796406469313,3.0,2.0,1.0,1979.0,1.0,0.0,35.0,7.647191414762791,0.8468455754476767,7392
247,157.04603707932858,4.0,2.0,1.0,1953.0,0.0,1.0,49.0,6.710552838599144,11.594523141944496,6068
248,291.6637047609174,5.0,1.0,1.0,2009.0,0.0,1.0,16.0,4.3532422145523615,9.058221405352215,8270
249,290.9049942723132,3.0,3.0,3.0,1951.0,0.0,0.0,39.0,5.493097714801039,18.97488790299422,6985
250,263.25236386684,3.0,3.0,1.0,1902.0,0.0,0.0,16.0,3.119840203264185,1.2120981542981957,5480
251,123.61222301739642,1.0,1.0,1.0,1998.0,1.0,1.0,12.0,4.825004202353607,13.707906868920114,4426
252,146.27443215048132,2.0,1.0,2.0,1940.0,0.0,0.0,10.0,5.066726489827458,0.4993244424011434,4120
253,262.78416787921424,2.0,2.0,1.0,1905.0,1.0,1.0,45.0,3.872372711780959,3.4286835342108546,5867
254,129.23050128906942,5.0,1.0,3.0,1924.0,0.0,0.0,34.0,9.065722106721628,9.071579998456684,5571
255,92.37318667152311,2.0,3.0,1.0,1912.0,0.0,1.0,46.0,0.1606186498100614,9.097448856057364,3783
256,189.20031561458757,4.0,1.0,3.0,2016.0,1.0,0.0,10.0,7.821712630912462,13.71401085867288,7051
257,284.03869354019525,2.0,2.0,1.0,1997.0,0.0,0.0,24.0,1.2438283124132432,18.20426069735513,5941
258,224.00744916874325,5.0,2.0,1.0,1907.0,0.0,1.0,46.0,7.975473605371994,12.780643178298416,6541
259,192.51529252234124,2.0,2.0,1.0,1920.0,,1.0,22.0,6.159119156767212,19.070701957030177,4680
260,74.29412344269213,4.0,2.0,1.0,1997.0,0.0,1.0,49.0,8.432780909364023,17.63231279755995,6379
261,203.75180667479245,1.0,2.0,3.0,1967.0,1.0,1.0,17.0,0.9751432564089746,11.689995910615805,5454
262,297.51346252606584,5.0,1.0,3.0,1924.0,1.0,1.0,14.0,5.5898063409977405,16.675839018376546,7921
263,85.021003809131,1.0,1.0,2.0,1978.0,0.0,0.0,18.0,5.010878802621971,12.85155220647268,3817
264,179.58241309093418,1.0,1.0,3.0,1967.0,0.0,1.0,10.0,7.061931829633586,1.571156618474543,4932
265,269.3432679819889,1.0,1.0,1.0,1944.0,0.0,1.0,45.0,5.342905518936759,14.8112944651902,5276
266,235.1921544385511,3.0,2.0,2.0,1959.0,1.0,0.0,44.0,5.407345671331042,1.898168825346924,7130
267,224.253935248817,3.0,3.0,2.0,1911.0,1.0,0.0,11.0,4.295959435760647,11.881655611394248,5570
268,225.6210209967773,1.0,1.0,2.0,1931.0,1.0,1.0,49.0,3.0883442400734085,14.052804117164577,5092
269,139.8727878049388,5.0,3.0,1.0,1995.0,1.0,0.0,32.0,4.822643612521922,1.3305521642171048,6924
270,123.39796106612334,4.0,1.0,3.0,1991.0,0.0,0.0,18.0,1.184923587684006,4.615893078530635,5540
271,252.3402888696284,4.0,1.0,1.0,1912.0,0.0,1.0,43.0,9.615133389830849,18.313444645233,6359
272,252.5283486697952,2.0,3.0,2.0,1930.0,0.0,0.0,23.0,7.144107636265983,12.326289844657929,6102
273,266.7680796450259,5.0,2.0,1.0,1977.0,1.0,0.0,13.0,9.524671166878468,4.925720376210632,7891
274,278.31013813911784,3.0,1.0,1.0,1919.0,0.0,1.0,39.0,2.2672738232996323,13.813595422960132,5463
275,177.83559971523445,1.0,1.0,3.0,1917.0,1.0,1.0,40.0,8.79341020176528,11.935528399233792,4553
276,175.37907367179992,2.0,1.0,3.0,1992.0,1.0,0.0,47.0,8.087899845635384,10.031513998358967,6000
277,249.5737947416938,4.0,3.0,2.0,1959.0,0.0,0.0,20.0,6.771524124576737,19.523739499761675,7064
278,212.4909826944413,3.0,2.0,1.0,1962.0,0.0,1.0,44.0,6.250291860852057,13.66907554815018,6462
279,225.49171931442584,,3.0,1.0,1905.0,0.0,0.0,17.0,3.1654966526787,7.508822193358253,5200
280,248.9481673590253,1.0,3.0,3.0,1931.0,1.0,0.0,12.0,8.164107849650307,16.00146864153736,5724
281,272.50133545439155,4.0,2.0,1.0,1992.0,1.0,0.0,23.0,5.015154614797338,17.691665858423754,7188
282,134.4987892128839,5.0,3.0,1.0,1942.0,0.0,1.0,22.0,0.7089157589128536,2.5044111903366284,6284
283,143.89573815998602,3.0,2.0,1.0,1901.0,0.0,0.0,41.0,3.1286316085513,4.01105955690533,4136
284,73.49548496021725,1.0,1.0,3.0,1959.0,1.0,0.0,43.0,9.352970985453275,4.3245401825555945,4077
285,194.57003524904349,5.0,2.0,2.0,1922.0,0.0,1.0,28.0,8.506802606048463,13.824236187730808,6503
286,58.98556844918552,4.0,1.0,2.0,1982.0,1.0,0.0,47.0,9.819056980765392,12.060791101065666,5471
287,166.39950453311502,3.0,3.0,1.0,1930.0,1.0,0.0,25.0,6.279933826040981,12.379831293971764,5325
288,185.66115867689416,5.0,3.0,2.0,2014.0,0.0,1.0,11.0,2.47510073140412,18.81546599379002,7650
289,,5.0,1.0,3.0,1904.0,0.0,1.0,49.0,1.6281504967686378,15.51823065614612,5405
290,197.7083151422527,5.0,3.0,3.0,1982.0,0.0,1.0,26.0,1.8691444060846163,2.558738490235664,8090
291,57.62506248476236,3.0,2.0,2.0,1933.0,0.0,1.0,43.0,0.1979565834725438,6.950141648503621,4620
292,59.3370471873036,3.0,1.0,2.0,1909.0,1.0,0.0,25.0,3.906821109859392,8.707872923514712,3762
293,255.65014016491455,2.0,3.0,1.0,1988.0,1.0,0.0,47.0,1.914276804995425,7.919231774952098,6836
294,140.04766035281574,4.0,1.0,2.0,1901.0,1.0,1.0,,4.116554604567025,13.386172183237584,4712
295,81.7651281629712,1.0,2.0,1.0,1910.0,0.0,1.0,11.0,9.349944318387656,17.83786206513125,2916
296,180.5608150137011,5.0,2.0,1.0,1949.0,1.0,0.0,35.0,4.3054020950719,6.12102927045576,6529
297,242.4983882746527,2.0,3.0,3.0,1930.0,,1.0,22.0,8.779844969848348,11.037542728423713,6182
298,103.9552568742108,1.0,2.0,3.0,1955.0,0.0,0.0,40.0,6.055047666158765,15.788188438271714,4020
299,205.7226189547501,2.0,1.0,3.0,1978.0,0.0,1.0,43.0,2.471315546613919,8.324361176906987,5695
300,71.33686624844199,3.0,2.0,3.0,1972.0,0.0,0.0,48.0,3.558547592592114,3.362362567985917,5423
301,62.92043029215192,5.0,1.0,2.0,1986.0,0.0,1.0,12.0,0.8391953582142941,9.499019305274963,5830
302,182.838657892037,1.0,1.0,3.0,1982.0,0.0,1.0,17.0,3.334625935960105,1.1044504148605694,5369
303,185.15878040252665,1.0,2.0,2.0,1908.0,1.0,0.0,32.0,6.775409455035341,18.847669080045534,4041
304,209.35747537455163,1.0,3.0,3.0,1998.0,0.0,1.0,23.0,0.7211109292943518,1.4964241038994608,6545
305,231.5228334306654,1.0,2.0,2.0,1920.0,1.0,0.0,36.0,2.054014084780293,8.769134305011564,4840
306,293.96301986563367,1.0,1.0,1.0,1972.0,1.0,0.0,38.0,3.814410414133115,10.597625221770524,5900
307,179.07508707529882,2.0,1.0,2.0,1927.0,0.0,0.0,48.0,9.820495370159623,19.70607664574571,4461
308,130.73911823531148,5.0,2.0,2.0,1961.0,0.0,0.0,48.0,7.848618229588801,3.3204364728572155,6886
309,248.79654869217592,3.0,3.0,3.0,2009.0,0.0,0.0,10.0,7.334867464921039,2.2886303722471717,7777
310,117.70806281551856,3.0,3.0,2.0,2014.0,1.0,1.0,26.0,1.1619095652544598,0.1741229412508715,6904
311,159.74285517640902,3.0,1.0,1.0,1906.0,0.0,1.0,39.0,7.809958936149915,3.111428737386046,5157
312,69.61409533556649,3.0,1.0,1.0,1979.0,1.0,0.0,22.0,7.852688115160151,4.145459581353352,4627
313,56.33768585386438,2.0,3.0,3.0,1915.0,0.0,1.0,30.0,6.011026956243283,12.611618831661849,3903
314,290.66210366948127,4.0,2.0,1.0,1996.0,0.0,0.0,28.0,9.90361781998372,4.394135807828008,7898
315,258.99503012805144,5.0,1.0,2.0,1903.0,1.0,1.0,28.0,3.2525390592455192,0.4104162945865042,7058
316,223.9935515234245,1.0,1.0,1.0,1903.0,1.0,1.0,34.0,9.412724482418517,16.532366910049774,4525
317,152.2382361035675,4.0,3.0,3.0,2002.0,0.0,1.0,31.0,9.147311149565036,7.311914020079335,7917
318,93.32358001771144,3.0,2.0,2.0,1939.0,1.0,1.0,40.0,0.1148065974937784,7.073933731614678,5116
319,89.10926066777151,4.0,3.0,3.0,1916.0,1.0,0.0,26.0,4.50116526474811,6.049580583358532,5348
320,112.56072454114884,5.0,2.0,2.0,2000.0,1.0,0.0,32.0,9.771042330515732,19.50746554292842,6779
321,187.3066661765301,1.0,2.0,1.0,2002.0,1.0,1.0,41.0,1.031213624080758,3.4023083461856296,6073
322,228.6489806750156,1.0,2.0,3.0,1951.0,1.0,1.0,19.0,5.477846943833194,17.964761279064703,5796
323,215.0493441794328,5.0,1.0,3.0,1992.0,0.0,0.0,19.0,9.78957507041104,15.53606664279776,7474
324,119.9834742364857,5.0,3.0,2.0,1951.0,0.0,1.0,45.0,5.554954241058602,1.5295991099862616,6863
325,288.7163201657985,3.0,3.0,3.0,1935.0,1.0,0.0,17.0,1.89815302972156,19.734582030016973,6843
326,234.4742291739421,1.0,2.0,2.0,1937.0,0.0,0.0,29.0,5.821832300925898,5.427319270780211,5240
327,188.58851312785015,4.0,1.0,2.0,2002.0,0.0,0.0,41.0,2.0444057394954687,1.9716585404482467,6757
328,202.93018655858805,2.0,1.0,2.0,,1.0,1.0,23.0,5.197042628944843,16.58628468251519,5261
329,,2.0,3.0,2.0,1962.0,0.0,0.0,37.0,0.74042217912348,14.133510673553998,4743
330,111.93274737528937,5.0,1.0,1.0,2000.0,1.0,1.0,33.0,6.054826692144046,12.344376117558015,6730
331,138.99316966281538,3.0,1.0,2.0,2015.0,1.0,0.0,24.0,5.167899391281582,3.119617273978663,5938
332,239.46152761609227,2.0,2.0,3.0,1962.0,0.0,1.0,31.0,7.401613687614631,9.569922325119238,6499
333,53.598372157438966,1.0,1.0,1.0,1961.0,1.0,1.0,39.0,6.30700471158785,15.611120537744275,3771
334,79.01816012672906,5.0,2.0,3.0,1998.0,1.0,1.0,13.0,5.496062685307567,6.0724787628768055,7102
335,61.50066050543819,4.0,3.0,1.0,1906.0,1.0,0.0,22.0,6.897788492481212,6.233796570300829,4586
336,60.182200579742535,5.0,1.0,2.0,1926.0,1.0,0.0,32.0,1.4394191357223085,0.0628181209624423,4834
337,263.86514600275177,4.0,3.0,1.0,1991.0,1.0,1.0,17.0,5.953596612586041,3.484868032907591,8287
338,225.9144648450059,5.0,3.0,1.0,1985.0,0.0,1.0,27.0,1.7211060282277768,17.508112502436685,7799
339,168.5434572718313,5.0,1.0,3.0,1913.0,0.0,1.0,21.0,9.255222078518807,8.834929832754142,5874
340,74.45854016275037,5.0,1.0,3.0,1970.0,1.0,0.0,40.0,0.683341048456042,19.68468998468868,5533
341,172.90396877920807,4.0,3.0,2.0,2000.0,1.0,0.0,23.0,4.303747496907933,7.914159271475851,7174
342,168.36794269514144,4.0,1.0,1.0,1985.0,0.0,0.0,43.0,6.957974776554448,14.303729095604824,6107
343,93.3004674775038,5.0,2.0,1.0,1904.0,1.0,0.0,27.0,4.580222116682587,5.638380858094583,4777
344,158.46291230949328,2.0,2.0,1.0,1954.0,0.0,1.0,43.0,0.9209525323290236,7.27619282281867,4813
345,149.62618359934336,3.0,1.0,2.0,1901.0,1.0,1.0,20.0,5.533790161267074,3.814519751817893,5028
346,203.9625245130541,3.0,3.0,2.0,1961.0,1.0,0.0,21.0,6.4163190882735455,6.9412473699879,6066
347,,3.0,1.0,2.0,1990.0,1.0,0.0,24.0,7.037923109905076,10.944750408412862,6577
348,61.32600244301113,4.0,1.0,2.0,1920.0,1.0,1.0,40.0,3.732598144627589,19.83545761958499,4648
349,143.6531536566178,,3.0,2.0,2017.0,1.0,0.0,38.0,5.636599710287622,13.284034261435714,7499
350,206.4649789285591,2.0,3.0,3.0,2001.0,1.0,0.0,35.0,4.506864749389131,3.984919088166281,6658
351,175.78406464502194,3.0,2.0,1.0,1978.0,1.0,0.0,27.0,6.720560387522534,0.8992288318310226,6029
352,264.1224602970806,3.0,3.0,1.0,1920.0,0.0,0.0,41.0,5.835569673248186,2.527129626290212,5711
353,214.67340790473625,5.0,2.0,1.0,1909.0,0.0,0.0,31.0,5.2575621955913485,11.251104025460949,5770
354,90.73360677035744,4.0,3.0,1.0,1986.0,0.0,0.0,47.0,2.4952436683824866,15.303206576335327,5549
355,67.64218685010746,3.0,1.0,1.0,1957.0,1.0,1.0,26.0,0.0201851774823391,18.808384146014937,3824
356,210.6048195515789,2.0,2.0,1.0,2019.0,1.0,0.0,32.0,1.7408167531142926,0.3164634399364163,6313
357,56.62782763540545,2.0,2.0,1.0,1938.0,1.0,0.0,33.0,1.1706604142416863,10.455202831237395,3018
358,196.44389531836583,3.0,2.0,1.0,1904.0,1.0,1.0,17.0,4.490847450109468,9.417347124463536,5279
359,285.0575603562394,4.0,1.0,3.0,1964.0,1.0,1.0,15.0,6.122581507618446,13.12110043951408,7934
360,193.86854446896973,2.0,1.0,1.0,1912.0,1.0,1.0,14.0,2.1308500868480817,11.19157708930684,4434
361,147.0424815516305,5.0,1.0,3.0,1984.0,1.0,0.0,38.0,9.390570959671871,13.740783011649611,7337
362,210.82205461058828,2.0,1.0,2.0,1989.0,0.0,1.0,37.0,0.0668212922388777,13.161651694983806,5911
363,164.56322262287915,1.0,1.0,1.0,2013.0,1.0,0.0,20.0,7.723010151653429,2.340234497158924,5450
364,186.4041973289837,1.0,2.0,2.0,2008.0,0.0,0.0,10.0,6.252047695304422,15.994358272374392,4924
365,285.3662021941313,4.0,1.0,2.0,1984.0,0.0,0.0,28.0,3.735548010476819,2.464651514326497,7073
366,146.52565945019356,3.0,2.0,2.0,1952.0,1.0,1.0,18.0,0.5048894441240792,13.970612504182744,5540
367,290.2976409559785,4.0,1.0,3.0,1981.0,1.0,1.0,36.0,6.274865717842793,8.322907352812134,8010
368,276.33766048901595,4.0,3.0,2.0,2000.0,0.0,1.0,43.0,3.85613512865648,10.277014691531958,8575
369,98.94778369732413,4.0,2.0,2.0,1944.0,0.0,1.0,13.0,9.362671394132192,18.06596028751421,5322
370,67.34032521879136,4.0,3.0,2.0,1931.0,1.0,1.0,45.0,5.419900748897659,17.79767452946973,5869
371,75.19450034435667,5.0,2.0,1.0,1935.0,1.0,0.0,27.0,9.396515112935084,16.35712611310059,5426
372,54.55545641288743,5.0,3.0,1.0,1980.0,0.0,0.0,24.0,2.204836934733041,10.202967609126466,5711
373,73.6107401889821,2.0,1.0,3.0,1998.0,1.0,0.0,22.0,7.257259103641033,14.724796202676664,4544
374,220.7516933540892,1.0,1.0,3.0,2012.0,1.0,0.0,28.0,6.172490208487257,10.257941110376189,6181
375,67.79716211505725,4.0,1.0,1.0,1959.0,1.0,1.0,15.0,7.394082298313118,17.39212164949555,5324
376,129.7439075734403,2.0,2.0,3.0,1910.0,0.0,1.0,21.0,2.146678639725368,8.055516664657997,4296
377,261.2188277423636,1.0,3.0,1.0,1962.0,0.0,0.0,46.0,6.649945162377737,19.404706888297536,5399
378,55.81798393395647,3.0,1.0,2.0,1920.0,0.0,1.0,26.0,4.98040393056869,18.646455164577556,3550
379,253.61712064723395,5.0,3.0,2.0,1951.0,1.0,1.0,32.0,7.428249749063163,14.83205238903571,8544
380,120.46369369334998,1.0,3.0,3.0,1954.0,1.0,0.0,35.0,3.2704464415181778,5.58831768352144,5253
381,79.54120690541407,3.0,1.0,1.0,2016.0,0.0,0.0,38.0,8.900570254652525,2.633071775865168,5111
382,224.1842913410377,1.0,1.0,1.0,1925.0,0.0,1.0,42.0,0.8430131461135038,17.09406900186395,4025
383,207.235711694971,5.0,3.0,3.0,1967.0,0.0,1.0,36.0,8.071893187911881,3.306045722759225,8459
384,269.36800338176323,5.0,1.0,1.0,1933.0,1.0,0.0,34.0,8.613196258150907,17.085215779946715,6767
385,233.76776095097145,2.0,1.0,2.0,1951.0,0.0,0.0,19.0,8.172523113668213,9.81530013424721,5409
386,250.87023259621213,4.0,1.0,3.0,2011.0,0.0,0.0,32.0,5.12726394261776,8.131135676162085,7581
387,120.50864314282664,1.0,2.0,3.0,1981.0,1.0,1.0,30.0,4.383849800307614,18.063815576688583,5073
388,94.35988594493072,1.0,3.0,1.0,2003.0,1.0,0.0,30.0,9.962622865248768,12.07701965080556,5033
389,237.6536879102146,3.0,3.0,3.0,1998.0,1.0,0.0,22.0,2.291719512141621,11.532280142594356,7327
390,251.708684816816,5.0,2.0,1.0,2004.0,0.0,1.0,46.0,5.468759658760446,11.175318892487953,8351
391,297.6262855001684,1.0,3.0,1.0,1992.0,1.0,1.0,42.0,6.706755253823255,7.423390320390628,7012
392,153.15441922785664,5.0,1.0,1.0,1951.0,1.0,1.0,33.0,7.00867635861432,15.712862070582544,6498
393,143.0045214481958,1.0,3.0,1.0,1928.0,0.0,1.0,20.0,2.040246657385787,5.05596888031546,4466
394,244.1032401854992,2.0,1.0,1.0,1937.0,1.0,1.0,26.0,6.539940923398012,18.7778992008255,5186
395,135.20088506325447,4.0,2.0,3.0,1941.0,0.0,0.0,13.0,8.183695664813373,17.879704100939215,5155
396,282.6893314008912,1.0,1.0,2.0,1920.0,0.0,0.0,34.0,0.5001857682111222,6.749606513497963,4642
397,264.60318796075296,5.0,3.0,2.0,1941.0,1.0,1.0,39.0,9.115212933253163,14.589275396633274,8423
398,157.24850684375457,2.0,3.0,3.0,1912.0,1.0,1.0,18.0,0.2950405514520593,11.46446388899183,5100
399,237.71776694787437,1.0,3.0,3.0,2012.0,1.0,1.0,30.0,3.559710324883944,6.752986039984692,7060
400,238.6357185211706,3.0,2.0,2.0,2004.0,1.0,1.0,29.0,0.1581319623296206,19.77043295990893,7381
401,75.78096720898316,4.0,2.0,2.0,1963.0,1.0,1.0,28.0,0.7714516853958187,0.5047469169652841,5821
402,275.63822666989165,1.0,3.0,2.0,1916.0,1.0,0.0,28.0,9.11168285180079,5.0529206124257335,5870
403,176.3130931119643,2.0,1.0,2.0,2019.0,0.0,0.0,21.0,3.5486083074614783,10.401481222223008,5492
404,256.61436652693544,3.0,2.0,,1908.0,0.0,0.0,46.0,4.247715304250529,10.439060069571278,5685
405,130.01240025765293,2.0,3.0,1.0,1940.0,1.0,0.0,26.0,2.1534438138255263,11.778661498911283,4558
406,273.8808071240501,2.0,3.0,3.0,1900.0,0.0,1.0,46.0,5.9709577018671975,15.033523440458383,6234
407,147.30041968354078,3.0,2.0,1.0,1901.0,1.0,0.0,48.0,5.948032146777896,12.469556610385927,4378
408,52.70941287007459,2.0,2.0,2.0,1959.0,0.0,1.0,37.0,3.722003918252193,12.00562921056074,4446
409,276.3454941048159,3.0,2.0,2.0,1947.0,0.0,1.0,44.0,3.330348718053984,1.070289258260866,7217
410,72.82166919653339,1.0,1.0,2.0,1928.0,0.0,1.0,27.0,8.849643081805878,7.530605755785967,2989
411,129.8284093976037,3.0,1.0,1.0,1996.0,1.0,0.0,23.0,3.8328423964220137,4.64111479402312,5236
412,287.51549176270123,3.0,3.0,1.0,1909.0,0.0,1.0,44.0,4.935009921544083,5.307402232039509,6899
413,287.651786734389,4.0,2.0,2.0,2013.0,1.0,0.0,16.0,2.833047624249306,11.086749486806898,7586
414,193.35947203082156,3.0,1.0,1.0,1957.0,0.0,0.0,22.0,7.867695033571273,3.9901062985921687,5511
415,207.95930304244985,3.0,2.0,1.0,1959.0,0.0,1.0,27.0,3.974481568990917,5.878982020337951,6087
416,162.11138049457995,1.0,3.0,2.0,2003.0,0.0,1.0,46.0,5.136110465443245,4.741694170346802,6356
417,123.30269292451614,4.0,1.0,1.0,1920.0,0.0,1.0,22.0,2.533571700596614,18.970058864363896,4500
418,132.16613634247898,5.0,1.0,3.0,1927.0,0.0,0.0,45.0,9.876595923412518,18.893314643421903,5548
419,218.1296140192596,1.0,1.0,3.0,1974.0,1.0,1.0,40.0,2.914957409237229,12.198831171921034,5855
420,238.09363235942,1.0,3.0,3.0,2018.0,1.0,0.0,11.0,7.707425309055517,18.490449374638,6570
421,247.89476093146212,5.0,2.0,3.0,1933.0,0.0,1.0,25.0,4.274956503567592,15.716252909367462,7161
422,247.40453569863848,3.0,1.0,2.0,1907.0,0.0,1.0,18.0,2.062174050841399,11.798957656036176,5770
423,72.80152576217259,2.0,3.0,2.0,1958.0,0.0,0.0,18.0,7.997187639648612,0.1287042299359142,4281
424,173.60507617564537,4.0,2.0,2.0,1985.0,0.0,0.0,47.0,3.3360678902904315,15.45032572158808,5890
425,64.38969000416107,2.0,3.0,3.0,1971.0,1.0,0.0,20.0,8.651933473978112,14.049766831769375,5177
426,187.38222058093388,5.0,2.0,3.0,1948.0,0.0,0.0,31.0,9.15257184917823,12.30507306564828,6699
427,160.38262534334427,1.0,3.0,1.0,1978.0,1.0,0.0,42.0,8.598238353912759,15.208486233649436,5160
428,271.9260456895749,1.0,2.0,1.0,1916.0,0.0,0.0,45.0,0.3500791480680565,10.258443295495317,4450
429,137.72875313801967,4.0,1.0,3.0,1959.0,1.0,1.0,32.0,7.873733450051056,14.08166542642678,6280
430,79.26675410690146,1.0,2.0,3.0,1986.0,0.0,1.0,43.0,4.113394664991439,18.703441734529868,4391
431,85.74792051320897,1.0,3.0,3.0,1987.0,0.0,0.0,18.0,8.73722920182225,7.516100316921726,4430
432,240.37765792936807,4.0,3.0,3.0,1944.0,1.0,1.0,33.0,6.379542626847387,14.162436698012508,7742
433,204.55451582906525,4.0,2.0,1.0,1982.0,0.0,0.0,17.0,8.336431341439583,9.513756360219174,6392
434,75.28066903069757,5.0,1.0,3.0,1968.0,0.0,1.0,16.0,4.994317698668354,13.487993036279631,5959
435,71.02670152874936,1.0,1.0,1.0,1931.0,0.0,1.0,45.0,5.3502550459893286,15.25786671108728,3184
436,225.24228286478,1.0,2.0,3.0,1943.0,1.0,0.0,27.0,1.4438763213366723,0.9090500087159192,5036
437,68.19075159104838,5.0,2.0,3.0,1964.0,0.0,0.0,12.0,7.839873586893554,12.93200887897324,5617
438,255.46501482258904,3.0,3.0,3.0,1986.0,0.0,0.0,37.0,4.193896116669716,4.534823688138891,7250
439,226.5605567891241,3.0,1.0,1.0,2000.0,1.0,1.0,15.0,5.000801182715826,13.400650756151336,6499
440,70.33719516047495,3.0,2.0,1.0,1907.0,1.0,0.0,30.0,7.850977140957076,9.36660371867627,4051
441,71.20942852129798,5.0,1.0,2.0,1976.0,1.0,1.0,37.0,5.988454000794389,15.471054837297745,6188
442,296.6598946252939,1.0,2.0,3.0,1971.0,0.0,0.0,49.0,2.0109872744266744,2.4680163041119285,6191
443,143.5676989390301,5.0,2.0,2.0,2020.0,0.0,1.0,10.0,5.902326591508928,12.5264470331239,7209
444,142.66053676672271,5.0,1.0,2.0,1986.0,0.0,1.0,45.0,4.076328579796558,5.569414578551046,6753
445,253.19989181437563,3.0,2.0,1.0,1942.0,1.0,0.0,30.0,4.6952554204386265,17.059639906611828,6353
446,286.81214434596467,2.0,2.0,1.0,1900.0,0.0,1.0,44.0,0.2831127440266778,18.567670112726148,5318
447,296.50026595571774,1.0,3.0,2.0,2008.0,0.0,1.0,22.0,2.1002934951628163,19.92796587358111,6593
448,238.3445463147354,3.0,2.0,3.0,1950.0,1.0,0.0,19.0,2.8103808138102826,15.920148048545666,6203
449,144.06489638272893,2.0,2.0,1.0,1923.0,,1.0,19.0,7.129600078588058,15.07468140856009,4843
450,70.8751791746672,2.0,2.0,3.0,1998.0,1.0,0.0,22.0,0.1149247329811531,4.310015177351021,4852
451,244.2867289818592,4.0,3.0,3.0,1923.0,1.0,0.0,46.0,4.087772612291321,6.720141179802175,7393
452,189.60106243395128,1.0,1.0,2.0,1916.0,,0.0,47.0,9.240268704257328,9.313650835245593,4073
453,156.05550231174408,2.0,3.0,2.0,1904.0,0.0,0.0,33.0,1.1188061654912385,15.467620955644994,3599
454,276.588596273684,3.0,3.0,2.0,1919.0,1.0,1.0,11.0,5.16424388218611,18.299317301559373,6705
455,77.79937057653784,4.0,1.0,2.0,1920.0,0.0,1.0,31.0,7.865223823908471,3.782782000459693,4961
456,173.15627607271475,1.0,3.0,1.0,2003.0,0.0,1.0,26.0,9.425313075201167,18.447349693402057,5071
457,52.83841119185477,5.0,1.0,1.0,1957.0,1.0,0.0,45.0,7.46776639533718,13.91249304708116,5104
458,167.16516049853158,3.0,3.0,2.0,1930.0,1.0,1.0,23.0,7.205655486444061,12.215414613700773,5866
459,64.07581892045934,2.0,1.0,1.0,2009.0,1.0,1.0,19.0,8.264880901957625,3.9968254256387903,4821
460,79.70447906701799,2.0,2.0,2.0,1999.0,0.0,0.0,44.0,4.462012209775437,1.110500656183011,4721
461,79.38156169427623,3.0,3.0,3.0,1910.0,1.0,0.0,34.0,8.058445326178331,11.369297970158796,4879
462,212.30257552901588,2.0,3.0,3.0,1951.0,1.0,1.0,12.0,0.0796440474545112,13.030313666577849,5848
463,236.51121981635583,4.0,3.0,3.0,1914.0,1.0,0.0,47.0,9.24561055376805,4.215628987093765,7026
464,195.84219127428992,1.0,3.0,2.0,1982.0,1.0,0.0,26.0,4.433065095171753,11.129124116509129,5224
465,290.5431371186355,4.0,2.0,3.0,1906.0,1.0,0.0,21.0,5.533801878657476,17.12986805525147,6893
466,143.717644880926,2.0,3.0,1.0,2014.0,0.0,0.0,33.0,2.548822489148823,16.7013189091004,5458
467,121.42802157046518,5.0,2.0,3.0,1927.0,0.0,1.0,38.0,7.425308328404214,18.547103611725944,5701
468,267.1497820473651,1.0,2.0,3.0,1950.0,0.0,0.0,34.0,0.7663580647524881,7.317716191137609,5157
469,105.89895962986316,1.0,2.0,3.0,2006.0,1.0,0.0,45.0,8.726358025468352,6.360991451018374,5514
470,290.80563486015285,3.0,2.0,1.0,1957.0,1.0,0.0,35.0,8.281168290063427,14.988520119616172,7084
471,53.038618672454085,3.0,1.0,2.0,1904.0,1.0,0.0,47.0,2.160601162447664,8.6222481019401,3664
472,292.46970667690977,5.0,1.0,1.0,1904.0,0.0,0.0,10.0,8.093243982852623,1.7509732805556122,6383
473,60.78997798764403,1.0,3.0,2.0,1993.0,1.0,0.0,29.0,7.863577330614815,5.656022613409995,4287
474,272.78577842451773,5.0,1.0,2.0,2017.0,1.0,0.0,37.0,6.32216597753949,8.371645710629782,8676
475,181.92527727157497,3.0,1.0,3.0,1995.0,1.0,0.0,25.0,3.735201768996875,5.85032850952504,6205
476,298.2411990298251,3.0,3.0,2.0,1907.0,0.0,1.0,26.0,2.714987541818678,6.644111418946432,6664
477,68.44914118384972,1.0,3.0,1.0,1963.0,1.0,0.0,49.0,2.3178359028935,5.875518123487815,3982
478,188.4635711003302,4.0,3.0,1.0,1909.0,,1.0,37.0,3.186089627636072,0.8299833436615889,5861
479,292.32563390477475,2.0,1.0,2.0,1937.0,1.0,0.0,21.0,9.035584434325305,12.74189401648885,5958
480,180.7744610425372,3.0,1.0,3.0,2010.0,0.0,0.0,36.0,0.7764077598878127,11.945848407069386,6063
481,207.34965953381564,3.0,3.0,3.0,1995.0,0.0,0.0,39.0,8.288712762529586,13.067669969573611,6956
482,223.9371722461543,4.0,2.0,1.0,2011.0,0.0,0.0,43.0,3.488900750418236,3.846197920672549,7326
483,163.6352661919433,4.0,3.0,3.0,1991.0,1.0,1.0,46.0,5.215993960113582,5.913090832249706,7629
484,206.88952002101587,5.0,2.0,2.0,1980.0,1.0,0.0,15.0,7.944856336484907,12.392318538898444,7314
485,196.0785779807751,5.0,2.0,2.0,1994.0,0.0,0.0,16.0,8.843765470229712,11.992551369198427,7238
486,275.28950262274725,2.0,3.0,1.0,1907.0,0.0,1.0,41.0,3.4478142007264703,10.126606187085356,5491
487,61.36159508536447,2.0,3.0,2.0,2003.0,1.0,1.0,41.0,4.618434812751104,7.008265000203949,5748
488,120.24079739805758,1.0,3.0,1.0,1924.0,1.0,0.0,34.0,4.145160648167923,18.2586200954938,3791
489,287.6028710191397,5.0,1.0,2.0,1972.0,0.0,1.0,42.0,0.1325103350391054,6.795404845976876,7886
490,272.5659459727291,3.0,2.0,1.0,1965.0,1.0,1.0,16.0,2.959428888586566,9.112383128745032,6920
491,163.91418819642823,5.0,1.0,3.0,1978.0,1.0,1.0,21.0,4.591892337325618,13.562276619084177,7290
492,205.03314945038417,3.0,1.0,2.0,1949.0,1.0,0.0,25.0,4.110936088804397,10.860428617335282,5446
493,119.34529574528317,4.0,3.0,2.0,1966.0,1.0,0.0,25.0,7.219292275156794,6.937719527287712,6196
494,97.03028993094031,5.0,1.0,1.0,1948.0,0.0,0.0,45.0,3.848036172211033,8.712895809130197,4923
495,165.92460123499552,4.0,3.0,1.0,1935.0,1.0,1.0,22.0,4.893764489706703,15.88961635707012,6228
496,138.33805700651322,2.0,2.0,2.0,1967.0,1.0,0.0,16.0,4.296085921323634,5.562583109732248,4885
497,195.914027962718,2.0,3.0,1.0,1977.0,0.0,1.0,45.0,7.406261488943705,2.8451047955363085,6577
498,69.4336592412462,1.0,1.0,2.0,2004.0,0.0,0.0,18.0,8.629723989869625,6.263264036595542,4053
499,293.5987019165416,5.0,1.0,3.0,1940.0,1.0,0.0,41.0,5.318890790075141,16.990684309758027,7730
500,296.5526861199007,4.0,3.0,1.0,1988.0,1.0,1.0,20.0,7.894321941951912,1.7797942971269332,8643
